Compound Name,Predicted Probability
Schizopeptin 791,1
Trichormamide C,1
Nostocyclopeptide Ncp-E1,1
Nostopeptolide A1,1
Nostopeptolide A3,1
Aeruginosin NOL2,1
Nodulapeptin 851,1
Aeruginosin NOL4,1
Aeruginosin NAL3,1
Aeruginosin NAL1,1
Aeruginosin NOL1,1
Nodulapeptin 865,1
Nodulapeptin 867,1
Microviridin N1,1
Radiosumin B,1
Laxaphycin B,1
Laxaphycin B2,1
Hassallidin B,1
Hassallidin A,1
Microviridin SD1634,0.9972067039106145
Cyanopeptolin 997 A,0.9963235294117647
Cyanopeptolin 1063,0.9963235294117647
Spumigin 582b,0.9948979591836735
Spumigin H,0.9948979591836735
Spumigin F,0.9948979591836735
Microviridin SD1652,0.994413407821229
Laxaphycin D,0.9933333333333334
Oscillapeptide 97A,0.9929078014184397
Oscillapeptilide 97A,0.9929078014184397
Cyanopeptolin 997 C,0.9928571428571429
Cyanopeptolin 983,0.9928571428571429
Oscillapeptide 97B,0.9927007299270073
Oscillapeptilide 97B,0.9927007299270073
Microviridin 1777,0.9910714285714286
Anabaenopeptin NZ825,0.9900990099009901
Cyanopeptolin 1025,0.9893617021276595
Cyanopeptolin 1011,0.9893617021276595
Cyanopeptolin 997 B,0.9893617021276595
Nostopeptin BN920,0.9890510948905109
Micropeptin KR998,0.9890510948905109
Microviridin I,0.9881656804733727
Microviridin L,0.9881656804733727
[6(Z)-Adda3]NOD-R,0.9880239520958084
[dhb5]NOD-R,0.9880239520958084
[D-Asp1]NOD-R,0.9880239520958084
Nodularin-R,0.9880239520958084
Planktopeptin BL1061,0.9859154929577465
Aeruginopeptin 917SC,0.9856115107913669
Micropeptin SF909,0.9856115107913669
Microcystilide A,0.9856115107913669
Ichthyopeptin A,0.9856115107913669
Micropeptin DR1056,0.9856115107913669
Micropeptin DR1006,0.9856115107913669
Radiosumin,0.985
Laxaphycin A,0.9846153846153847
Laxaphycin A2,0.9846153846153847
Hormothamnin A,0.9846153846153847
[D-Val9]Laxaphycin A,0.9846153846153847
Laxaphycin E,0.9846153846153847
[ManAc3]Hassallidin D,0.9836065573770492
[ManAc1]Hassallidin D,0.9836065573770492
[Man]Hassallidin D,0.9836065573770492
"[C181, ManAc3]Hassallidin D",0.9836065573770492
"[C181, ManAc2]Hassallidin D",0.9836065573770492
"[C181, ManAc1]Hassallidin D",0.9836065573770492
"[C181, Man]Hassallidin D",0.9836065573770492
"[C141, ManAc3]Hassallidin D",0.9836065573770492
"[C141, ManAc2]Hassallidin D",0.9836065573770492
"[C141, ManAc1]Hassallidin D",0.9836065573770492
"[C141, Man]Hassallidin D",0.9836065573770492
Microviridin J,0.9833333333333334
Largamide E,0.9829931972789115
Planktopeptin BL843,0.9823943661971831
Cyanopeptolin 1006D,0.9821428571428572
Cyanopeptolin 1000A,0.9821428571428572
Micropeptin MM978,0.9821428571428572
Micropeptin B,0.9820143884892086
Micropeptin KT1042,0.9820143884892086
Micropeptin TR1058,0.9820143884892086
Acyclolaxaphycin B,0.9807692307692308
Acyclolaxaphycin B3,0.9807692307692308
Nodulapeptin B,0.9803921568627452
Spumigin C,0.9801980198019802
Spumigin B1,0.9801980198019802
Spumigin B2,0.9801980198019802
Spumigin D,0.9801980198019802
Spumigin A,0.9801980198019802
Largamide G,0.9797297297297297
Microviridin LH1667,0.9796511627906976
Cyanopeptolin 1032,0.9795918367346939
Cyanopeptolin 954,0.9795918367346939
Cyanopeptolin 1034,0.9787234042553192
Micropeptin LH920,0.9785714285714286
Micropeptin LH1021,0.9785714285714286
Micropeptin A,0.9785714285714286
Kempopeptin A,0.9781021897810219
Muscotoxin A,0.9776119402985075
Muscotoxin B,0.9776119402985075
Oscillatoxin,0.9772727272727273
Nodulapeptin A,0.9772727272727273
Pseudoaeruginosin NS2,0.9772727272727273
Nodulapeptin 855b,0.9770992366412214
Nodulapeptin 915a,0.9770992366412214
Anabaenopeptin 931,0.9770992366412214
Nodulapeptin 883c,0.9770992366412214
Anabaenopeptilide 90B,0.9765100671140939
Nodulapeptin 863,0.9763779527559056
Nodulapeptin 849,0.9763779527559056
Cyanopeptolin 984,0.9763513513513513
Micropeptin HA983,0.9763513513513513
Laxaphycin B3,0.9746835443037974
Laxaphycin B4,0.9746835443037974
Scytonemide A,0.9746376811594203
Nostocyclopeptide Ncp-E2,0.9746376811594203
Nostocyclopeptide Ncp-E3,0.9746376811594203
Cyanopeptolin 1017,0.9720279720279721
Nostocyclin,0.9714285714285714
Nostocyclin,0.9714285714285714
[Glu4(OMe)]NOD-R,0.9710982658959537
Pahayokolide B,0.9708029197080292
Balticidin D,0.9707446808510638
Spumigin I,0.9702970297029703
Linear Nodularin-R,0.9700598802395209
Not named CyanoMetDB_0534,0.9700598802395209
Cyanopeptolin 1007 MB2,0.97
Namalide B,0.9696969696969697
Namalide C,0.9696969696969697
Nodulapeptin 821,0.9696969696969697
Nodulapeptin 807,0.9696969696969697
Anabaenopeptin T,0.9696969696969697
Anabaenopeptin I,0.9696969696969697
Microviridin M,0.96875
Cyanopeptolin 1003,0.9685314685314685
Lobocyclamide C,0.9683544303797469
Lobocyclamide B,0.9683544303797469
"[C181, ManAc4]Hassallidin D",0.9682539682539683
"[C141, ManAc4]Hassallidin D",0.9682539682539683
Nodulapeptin 901,0.967479674796748
Cyanopeptolin 1054 MB2,0.9668874172185431
Cyanopeptolin 1068,0.9668874172185431
Nodulapeptin 915b,0.9666666666666667
Nodulapeptin 899,0.9666666666666667
Nodulapeptin 885,0.9658119658119658
[Dha7]MC-LR,0.9642857142857143
Kempopeptin C,0.9638157894736843
Anabaenopeptin 820,0.962962962962963
Micropeptin 1120,0.9623287671232876
Micropeptin 1106,0.9623287671232876
Pompanopeptin B,0.9603960396039604
Micropeptin SD-1002,0.9595375722543353
Micropeptin 973,0.9589041095890412
Anabaenopeptilide 202B,0.9580645161290322
Spumigin 582a,0.9567307692307692
Carbamidocyclophane G,0.9565217391304348
Lobocyclamide A,0.9565217391304348
Micropeptin KT554,0.9563106796116505
Trichormamide D,0.9562043795620438
Balticidin B,0.9561855670103092
Nostoweipeptin W6,0.9558823529411764
Nostoweipeptin W7,0.9558823529411764
Nostoweipeptin W3,0.9558823529411764
Nostoweipeptin W2,0.9558823529411764
Nostoweipeptin W5,0.9558823529411764
Nostoweipeptin W4,0.9558823529411764
Nostoweipeptin W1,0.9558823529411764
Aeruginosin 602,0.9557522123893805
Micropeptin HU895B,0.9548387096774194
Nodularin-V,0.9548192771084337
Dihydrospumigin M,0.9513274336283186
Dihydrospumigin K,0.9513274336283186
Dihydrospumigin N,0.9513274336283186
Dihydrospumigin L,0.9513274336283186
Micropeptin T1,0.9511494252873562
Cyanopeptolin 986,0.9496644295302014
Balticidin C,0.949468085106383
Anabaenopeptin 933,0.9492753623188406
Nodulapeptin 917,0.9492753623188406
Cl-Cyanopeptolin W,0.9490445859872612
Pembamide,0.9482758620689655
Hassallidin C,0.946969696969697
Microviridin SD1684,0.946927374301676
Cyanopeptolin 1014,0.9466666666666667
Micropeptin HH992,0.9466666666666667
Anabaenopeptin SA6,0.9464285714285714
Anabaenopeptin 863a,0.9464285714285714
Anabaenopeptin 848,0.9464285714285714
Portoamide D,0.9452554744525548
Nodulapeptin 883b,0.9444444444444444
[NMe-Ser7]MC-LR,0.9437869822485208
[DMAdda5]MC-LR,0.9434523809523809
"[D-Asp3,ADMAdda5]MC-LR",0.9431818181818181
[ADMAdda5]MC-LR,0.9431818181818181
Aeruginosin DA642B,0.943089430894309
Aeruginosin DA642A,0.943089430894309
Dinghupeptin A,0.9429530201342282
Nodulapeptin 823,0.9428571428571428
Anabaenopeptin 850,0.9424778761061947
Anabaenopeptin 864,0.9424778761061947
Mycosporine-GABA,0.9411764705882353
Micropeptin HU895A,0.940625
Not named CyanoMetDB_0535,0.9404761904761905
Nostosin D,0.94
Carbamidocyclophane D,0.9395604395604396
Anabaenopeptin 877b,0.9385964912280702
L-Leu-D-MeAsp(beta)-L-Arg-Adda-D-Glu(gamma)-Mdha-D-Ala-OH,0.9382022471910112
Anabaenopeptin SA7,0.9380530973451328
Anabaenopeptin 897,0.9380530973451328
Anabaenopeptin SA5,0.9380530973451328
Mycosporine-ornithine,0.9375
Mycosporine-lysine,0.9375
Micropeptin T2,0.9367816091954023
Micropeptin 103,0.9367816091954023
Aeruginosin KB676,0.9359999999999999
Balticidin A,0.9355670103092784
Adda-D-Glu(gamma)-Mdha-D-Ala-L-Leu-D-MeAsp(beta)-L-Arg-OH,0.9352941176470588
Symplocin A,0.935251798561151
Cyanopeptolin 1041,0.9351851851851851
Dinghupeptin B,0.935064935064935
Nostosin E,0.935
Scytonemide B,0.9349315068493151
Carbamidocyclophane C,0.9347826086956521
Carbamidocyclophane B,0.9347826086956521
Carbamidocyclophane A,0.9347826086956521
Carbamidocyclophane F,0.9347826086956521
Anabaenopeptin SA8,0.9342105263157895
Anabaenopeptin 882,0.9342105263157895
Anabaenopeptin SA4,0.9342105263157895
Symplocamide A,0.9339622641509434
Nostosin B,0.9313725490196079
Nostosin F,0.9313725490196079
Kempopeptin B,0.9299363057324841
[ManAc4]Hassallidin D,0.9296116504854368
Aeruginosin DA511,0.9292035398230089
L-Phe-D-MeAsp(beta)-L-Arg-Adda-D-Glu(gamma)-Mdha-D-Ala-OH,0.9262295081967213
Largamide C,0.925
Microcin SF608,0.925
Aeruginosin KT608B,0.925
Pseudoaeruginosin NS1,0.9247787610619469
Micropeptin HU909,0.9246987951807228
Cyanopeptolin CB071,0.9246987951807228
Anabaenopeptin 906B2,0.923728813559322
Anabaenopeptin 891,0.923728813559322
Anabaenopeptin 906a,0.923728813559322
Coibamide A,0.9230769230769231
Aeruginosin K139,0.9227642276422765
Nostosin C,0.9226804123711341
Nostocyclopeptide,0.9208860759493671
Anabaenopeptin 877a,0.9201680672268908
Floridamide,0.9197080291970803
Cyanopeptolin 1054 MB1,0.9196428571428572
Micropeptin KB1048,0.9196428571428572
Largamide B,0.9194444444444445
Dudawalamide B,0.9172413793103449
Anabaenopeptin SA1,0.9159663865546219
Largamide A,0.9157303370786517
Spumigin N,0.9146341463414633
Spumigin K,0.9146341463414633
Spumigin M,0.9146341463414633
Spumigin L,0.9146341463414633
Cyanopeptolin 1001,0.9141104294478528
Portoamide C,0.9121621621621622
Lyngbyazothrin A,0.9121621621621622
Calophycin,0.9120879120879121
Lyngbyastatin 7,0.9117647058823529
Tiglicamide A,0.9111111111111111
Somamide B,0.9110429447852761
Stigonemapeptin,0.9110429447852761
Benderamide A,0.9107142857142857
Microviridin A,0.9104477611940298
Dudawalamide D,0.9097222222222222
Dudawalamide C,0.9097222222222222
Aeruginosin IN652,0.9087301587301587
Tiglicamide B,0.9083333333333333
Grassystatin B,0.9081632653061225
Grassystatin A,0.9081632653061225
Spumigin 638,0.907563025210084
Spumigin 652,0.907563025210084
Lyngbyastatin 3,0.9075342465753424
Lyngbyazothrin B,0.9072847682119205
Guineamide G,0.9071428571428571
Cocosamide B,0.9071428571428571
Georgamide,0.90625
57-Normajusculamide C,0.90625
Nodularin-R-phenylglyoxal (IIc),0.9054726368159204
Microginin 711,0.9054054054054055
Aeruginosin DA495A,0.9041666666666667
Yanucamide B,0.903448275862069
Majusculamide C,0.903448275862069
Lyngbyastatin 1,0.903448275862069
Nostocyclophane D,0.9034090909090908
Nostocyclophane C,0.9034090909090908
Portoamide B,0.9031413612565444
Lyngbyaureidamides B,0.9031413612565444
Lyngbyazothrin D,0.9031413612565444
Aeruginosin GE730,0.90234375
Pitipeptolide C,0.9020979020979021
Aeruginazole DA1304,0.9016064257028112
Grassystatin F,0.9014084507042254
Dinghupeptin D,0.9011976047904191
Carbamidocyclophane E,0.9010989010989011
Porpoisamide B,0.9007092198581561
Porpoisamide A,0.9007092198581561
Ibu-epidemethoxylyngbyastatin 3,0.9007092198581561
Pahayokolide A,0.9006211180124224
Yanucamide A,0.9
Anacyclamide A7,0.9
Malevamide C,0.8993055555555556
Spumigin 574,0.8991596638655462
Microviridin B,0.898936170212766
Microviridin C,0.898936170212766
Antanapeptin C,0.8986013986013985
Cocosamide A,0.8986013986013985
Aeruginosin 102B,0.8985507246376812
Aeruginosin 102A,0.8985507246376812
Spumigin 640,0.8975409836065573
Spumigin 654,0.8975409836065573
Nostosin A,0.8973214285714286
Guineamide D,0.8972602739726028
Largamide H,0.8966666666666667
Dolastatin 12,0.8964285714285714
Desmethoxymajusculamide C,0.8964285714285714
Schizotrin A,0.8963730569948187
Portoamide A,0.8948717948717948
Lyngbyaureidamides A,0.8948717948717948
Lyngbyazothrin C,0.8948717948717948
Pitipeptolide D,0.8938356164383562
Pitipeptolide A,0.8938356164383562
Pitipeptolide F,0.8938356164383562
Pitipeptolide E,0.8938356164383562
Almiramide F,0.8928571428571428
Antanapeptin A,0.8904109589041096
Antanapeptin D,0.8904109589041096
Aeruginosin NOL7,0.8900709219858156
Aeruginosin NOL6,0.8900709219858156
Aeruginosin NOL5,0.8900709219858156
Guineamide C,0.89
Pitiprolamide,0.8873239436619718
Aeruginosin GH553,0.8865248226950355
Pitipeptolide B,0.8859060402684564
Guineamide E,0.8854166666666667
Microphycin AL828,0.8853211009174312
Aeruginosin 103A,0.8846153846153846
Microginin 690,0.8846153846153846
Aeruginazole DA1274,0.8835341365461847
Antanapeptin B,0.8825503355704698
Aeruginosin NAL4,0.8823529411764706
Wewakpeptin D,0.8817567567567568
Carbamidocyclophane M,0.8814432989690721
Carbamidocyclophane R,0.8814432989690721
Carbamidocyclophane O,0.8814432989690721
Carbamidocyclophane S,0.8814432989690721
Carbamidocyclophane N,0.8814432989690721
Carbamidocyclophane P,0.8814432989690721
Carbamidocyclophane Q,0.8814432989690721
Carbamidocyclophane T,0.8814432989690721
Carbamidocyclophane U,0.8814432989690721
Apratyramide,0.8801369863013699
Palythine-serine,0.8796992481203008
Tasiamid D,0.8784722222222222
Tasiamid C,0.8784722222222222
Hantupeptin C,0.8783783783783784
Trungapeptin C,0.8783783783783784
Tiahuramide C,0.8783783783783784
Dudawalamide A,0.8783783783783784
Mitsoamide,0.8780487804878049
Cyanopeptolin CP1020,0.8779761904761905
Cyanopeptolin CP992,0.8779761904761905
Microginin 674,0.8768656716417911
Puwainaphycin G,0.8768656716417911
Aeruginosin 298A,0.8768115942028986
Jahanane,0.8762376237623762
Dinghupeptin C,0.8757763975155279
Tychonamide A,0.8756345177664975
Palythine–threonine,0.875
Ribocyclophane E,0.875
Viequeamide B,0.8741721854304636
Wewakpeptin C,0.8741721854304636
Nostocyclopeptide Ncp-E1-L,0.8739837398373984
Wewakamide A,0.8732394366197183
Puwainaphycin F,0.8731343283582089
Minutissamide A,0.8731343283582089
Minutissamide D,0.8731343283582089
Minutissamide C,0.8731343283582089
Tychonamide B,0.8727272727272728
Carriebowmide,0.8719512195121951
Hantupeptin A,0.8708609271523179
Tiahuramide A,0.8708609271523179
Trungapeptin A,0.8708609271523179
Tiglicamide C,0.8706467661691542
Microginin 527,0.8706293706293706
Micropeptin HH960,0.8705882352941177
Cyanopeptolin CP978,0.8693181818181819
Microginin 704,0.8691275167785235
Cylindrocyclophane C1,0.8690476190476191
Cylindrocyclophane A1,0.8690476190476191
Nodularin-R-phenylglyoxal (IIa),0.8687782805429864
Carmabid B,0.8681818181818182
Samoamide A,0.865
Almiramide A,0.865
Microginin 91A,0.8648648648648649
Nodularin-R-GSH,0.8647342995169083
Cylindrocyclophane C2,0.8647058823529412
Cylindrocyclophane A2,0.8647058823529412
Cylindrocyclophane C3,0.8647058823529412
Cylindrocyclophane C4,0.8647058823529412
Cylindrocyclophane A3,0.8647058823529412
Cylindrocyclophane A4,0.8647058823529412
Precarriebowmide,0.864516129032258
Hantupeptin B,0.8636363636363636
Tiahuramide B,0.8636363636363636
Trungapeptin B,0.8636363636363636
Microginin 576,0.863013698630137
Nostopeptolide L3,0.8627450980392157
Nostopeptolide L1,0.8627450980392157
Puwainaphycin B,0.8626760563380282
Puwainaphycin E,0.8626760563380282
Puwainaphycin A,0.8626760563380282
Minutissamide K,0.8626760563380282
Minutissamide I,0.8626760563380282
Minutissamide E,0.8626760563380282
Nostocyclopeptide Ncp-E2-L,0.8620689655172413
Microginin 511,0.8619402985074627
Aeruginosin KT650,0.8617021276595744
Majusculamide D,0.8614457831325302
Nodularin-R-Cys,0.861244019138756
Aeruginosin 736,0.8611111111111112
Izenamide B,0.860759493670886
Microginin 688,0.8607142857142858
Microginin 91B,0.86
Nostopeptolide L4,0.8596059113300493
Nostopeptolide L2,0.8596059113300493
Somamide A,0.8595238095238096
Minutissamide L,0.8591549295774648
Minutissamide H,0.8591549295774648
Pompanopeptin A,0.8590425531914894
Aeruginosin 752,0.8586206896551725
Microspinosamide,0.8584070796460177
Majusculamide B,0.8584070796460177
Majusculamide A,0.8584070796460177
Minutissamide B,0.8571428571428572
Carmabin A,0.8565217391304347
Dragomabin,0.8565217391304347
Lyngbyacyclamide A,0.8554216867469879
Microphycin KB921,0.8551401869158879
Jahanene (ene),0.8551401869158879
Planktocyclin,0.8547008547008548
Tolybyssidin A,0.8537234042553192
Lyngbyacyclamide B,0.8532934131736527
Ulongamide C,0.8531598513011153
Ulongamide B,0.8531598513011153
Ulongamide E,0.8529411764705883
Symplostatin 2,0.8523809523809525
Almiramide B,0.8523809523809525
Dragonamide A,0.8523809523809525
Aeruginosin KT608A,0.8517241379310345
Microginin 527 methyl ester,0.8509933774834437
Ulongamide D,0.8505535055350554
Puwainaphycin D,0.847972972972973
Puwainaphycin C,0.847972972972973
Minutissamide J,0.847972972972973
Minutissamide F,0.847972972972973
Brunsvicamide C,0.8472222222222222
Dragonamide B,0.8461538461538461
Izenamide A,0.8454545454545455
Aeruginosin 766,0.8443708609271523
Almiramide C,0.8443396226415094
Ribocyclophane D,0.84375
nostoc-756,0.8433734939759037
Desacetylmicrocolin B,0.8433734939759037
N-methylpalythine,0.8424657534246576
Nhatrangin A,0.8421052631578947
Ulongamide A,0.8420074349442379
Aeruginoside 126B,0.8402777777777778
Guineamide A,0.8364312267657992
Obyanamide,0.8364312267657992
deoxy-Majusculamide D,0.8362068965517242
Tumonoic acid D,0.8359375
epi-tumonoic acid D,0.8359375
Aeruginosin 850,0.8354838709677419
Aeruginosin 822,0.8354838709677419
Aeruginosin A,0.8333333333333333
Dragonamide D,0.8333333333333333
Guineamide B,0.8327137546468402
Hexose-palythine-serine,0.8311688311688312
Almiramide E,0.8285714285714285
Almiramide H,0.8285714285714285
Almiramide G,0.8285714285714285
Almiramide D,0.8285714285714285
Palmyramide A,0.828125
Cylindrocyclophane A,0.8273809523809523
Circinamide,0.8271604938271605
Banyasin A,0.826797385620915
Hexose-bound palythine-treonine,0.8259493670886076
Dysidenamide,0.8235294117647058
Aeruginosin 865,0.8229813664596273
Aeruginosin 892,0.8229813664596273
Aeruginosin 878B,0.8229813664596273
Aeruginosin 836,0.8229813664596273
Aeruginosin 878A,0.8229813664596273
Wewakpeptin B,0.822695035460993
Palythinol,0.8205128205128205
Asterina-330,0.8205128205128205
Wewakpeptin A,0.8194444444444444
Veraguamide J,0.8191489361702128
Veraguamide I,0.8191489361702128
Palythene,0.8184713375796178
Anachelin-H,0.8171296296296297
Veraguamide D,0.8159722222222222
Veraguamide C,0.8159722222222222
Veraguamide E,0.8159722222222222
Veraguamide H,0.8159722222222222
neo-debromoaplysiatoxin A,0.8155339805825244
Shinorine,0.8136645962732919
Nhatrangin B,0.8130841121495327
Viequeamide A,0.8129251700680272
Mycosporine-2-glycine,0.8125
Urumamide,0.8118811881188119
Cylindrocyclophane F4,0.8117647058823529
Glycosylated Palythine-threonine,0.811377245508982
Cylindrocyclophane B4,0.8111111111111111
Mycosporine-glutamic acid-glycine,0.8106508875739644
Apratoxin S9,0.8098958333333333
Apratoxin S4,0.8098958333333333
Apratoxin S8,0.8098958333333333
Apratoxin S7,0.8098958333333333
Mycosporine-glycine-valine,0.8090909090909091
Porphyra-334,0.8072289156626506
Aeruginoside 126A,0.8063725490196079
Veraguamide G,0.8061224489795918
Euhalothece-362,0.806060606060606
Aeruginosin 848,0.8043478260869565
Ribocyclophane C,0.8035714285714286
Ribocyclophane A,0.8035714285714286
Ribocyclophane B,0.8035714285714286
Aeruginosin TR642,0.8029411764705883
Companeramide A,0.8020833333333333
Companeramide B,0.8020833333333333
Ulongamide F,0.8014705882352942
Veraguamide B,0.8013245033112583
Veraguamide A,0.8013245033112583
Deoxygadusol,0.7931034482758621
Merocyclophane C,0.7916666666666667
Cryptophycin 26,0.7916666666666667
Merocyclophane D,0.7916666666666667
Gadusol,0.7905982905982907
Viridamide B,0.7902097902097902
Viridamide A,0.7881944444444444
Debromoaplysiatoxin,0.7876106194690266
Veraguamide L,0.7828282828282829
Dragonamide E,0.7827586206896552
Manauealide A,0.7815126050420168
Carmaphycin A,0.78125
Norbisebromoamide,0.7810945273631841
Bisebromoamide,0.7810945273631841
Tumonoic acid E,0.7804878048780488
Pentose-bound shinorine,0.7802197802197802
Veraguamide K,0.78
Cryptophycin 30,0.7794871794871795
1050-Da MAA,0.7794117647058824
Carmaphycin B,0.7793103448275862
Manauealide C,0.7777777777777778
Tumonic acid A,0.7771084337349398
Apratoxin H,0.7761904761904762
478-Da MAA,0.7754010695187166
Merocyclophane A,0.7738095238095238
Apratoxin D,0.7738095238095238
Apratoxin A,0.7738095238095238
Apratoxin C,0.7738095238095238
Apratoxin B,0.7738095238095238
Tumonoic acid F,0.7738095238095238
Microcolin B,0.7733333333333333
Apratoxin F,0.7714285714285714
Hexose-bound porphyra-334,0.7710526315789474
Manauealide B,0.7704918032786885
Hexose-shinorine,0.7698412698412698
Belamide A,0.7694610778443114
N-octanoyl-homoserine lactone,0.76875
21-Bromooscillatoxin A,0.768
Aplysiatoxin,0.768
Cryptophycin 2,0.7678571428571428
Cryptophycin 24,0.7678571428571428
Cryptophycin 17,0.766497461928934
Palau’imide,0.7664670658682635
Grenadamide,0.765
Apratoxin G,0.7642857142857142
13-O-(beta-galactosyl)-porphyra-334,0.7642487046632125
Cryptophycin 45,0.7638190954773869
Caldoramide,0.7634730538922156
Cryptophycin 5,0.7621145374449338
Oscillatoxin A,0.7620967741935484
Cryptophycin 16,0.7620087336244541
Cryptophycin 176,0.7620087336244541
Malyngamide V,0.7610294117647058
Malyngamide U,0.7610294117647058
Cryptophycin 15,0.7608695652173914
Cryptophycin 10,0.76
Apratoxin A sulfoxide,0.76
Cryptophycin 13,0.7599118942731278
Cryptophycin 23,0.7597402597402597
Semiplenamide F,0.759493670886076
Cryptophycin 14,0.7590361445783133
Cryptophycin 49,0.7586206896551724
Cryptophycin 46,0.7586206896551724
Cryptophycin 18,0.7586206896551724
Cryptophycin 29,0.7586206896551724
Cryptophycin 28,0.7586206896551724
Cryptophycin 3,0.7586206896551724
Cryptophycin 9,0.7586206896551724
Cryptophycin 51,0.7586206896551724
"19,21-Dibromooscillatoxin A",0.7576923076923077
19-Bromoaplysiatoxin,0.7576923076923077
Medusamide A,0.7570093457943925
N-butyryl-L-homoserine lactone,0.756578947368421
Cryptophycin 65,0.7565217391304349
Cryptophycin 101,0.7564102564102564
Cryptophycin 50,0.7564102564102564
Cryptophycin 54,0.7564102564102564
Cryptophycin 21,0.7564102564102564
Cryptophycin 327,0.7564102564102564
Cryptophycin 40,0.7564102564102564
Cryptophycin 38,0.7564102564102564
Cryptophycin 1,0.7564102564102564
Cryptophycin 107,0.7564102564102564
Cryptophycin 77,0.7564102564102564
Cryptophycin 39,0.7564102564102564
Cryptophycin 292,0.7564102564102564
Cryptophycin 53,0.7564102564102564
Cryptophycin 52,0.7564102564102564
Cryptophycin 19,0.7562189054726368
Cryptophycin 175,0.7560975609756098
Cryptophycin 31,0.7542372881355932
Cryptophycin 326,0.7542372881355932
"20-Nor-3alpha-acetoxy-12-hydroxy-abieta-5,7,9,11,13-pentaene",0.7524752475247525
Cryptophycin 63,0.7511848341232228
Cryptophycin 8,0.7511848341232228
Cryptophycin 296,0.7511848341232228
Cryptophycin 55,0.7511848341232228
Cryptophycin 25,0.7511737089201878
Cryptophycin 6,0.75
Besarhanamide B,0.75
neo-debromoaplysiatoxin B,0.75
Cusperin A,0.75
Cryptophycin 309,0.7488584474885844
Aeruginosin 748A,0.7470817120622568
Cryptophycin 12,0.745049504950495
Cusperin B,0.7449494949494949
Malyngamide E,0.7447552447552448
Aphanorphine,0.7435897435897436
Semiplenamide G,0.7411764705882353
Cryptophycin G,0.7408536585365854
Malyngamide K,0.7388059701492538
Malyngamide Y,0.7388059701492538
Malyngamide H,0.7379310344827587
Malyngamide W,0.7379310344827587
Nosperin,0.7373737373737373
Caracolamide A,0.7366071428571428
Mooreamide A,0.7361111111111112
Piricyclamide TLGCM(O)NGTERCLGLP,0.7357512953367875
Tumonoic acid H,0.7346938775510204
Besarhanamide A,0.7346153846153847
Hierridin B,0.734375
Malyngamide L,0.7338129496402878
Piricyclamide TLGCMNGTERCLGLP,0.733502538071066
"20-Nor-3alpha-acetoxy-abieta-5,7,9,11,13-pentaene",0.731958762886598
Mooreaside A,0.7315789473684211
17-bromo-30-methyloscillatoxin D,0.7275862068965517
Dysinosin D,0.7269503546099291
Dragonamide C,0.7251908396946565
Tumonoic acid G,0.7246835443037974
Semiplenamide A,0.7242990654205608
Semiplenamide C,0.7238095238095238
Cryptophycin 338,0.7237288135593221
Calothrixamides B,0.7231404958677686
Calothrixamides A,0.7231404958677686
Palythine,0.7229299363057324
13-O-Acetyldecarbamoylsaxitoxin,0.7215909090909091
Malyngamide N,0.7208588957055215
Ypaoamide A,0.7207792207792207
Malyngamide 2,0.7206896551724138
Tumonoic acid I,0.7204968944099379
Janthielamide A,0.719626168224299
Smenamide E,0.7175324675324675
Malyngamide 3,0.717391304347826
Cryptophycin 7,0.717032967032967
Merocyclophane B,0.7166666666666667
Oscillatoxin I,0.7156862745098039
13-O-Acetyl-12beta-deoxydecarbamoylsaxitoxin,0.7154696132596685
Pukeleimide D,0.7147239263803681
Smenamide C,0.7142857142857143
Jamaicamide C,0.713768115942029
Anhydrodebromoaplysiatoxin,0.7124183006535948
Homoanatoxin-a,0.7117117117117118
Cryptomaldamide,0.7117117117117118
Anhydroaplysiatoxin,0.711038961038961
11-Carboxyanatoxin-a,0.7107438016528925
Isomalyngamide B,0.7103658536585366
Malyngamide B,0.7103658536585366
"11,11-Dihydroxysaxitoxin",0.7099447513812155
11-Hydroxysaxitoxin,0.7099447513812155
Nostocyclyne A,0.7095238095238096
Ypaoamide B,0.708955223880597
Saxitoxin,0.7083333333333334
1Z-pitiamide B,0.7079646017699115
1E-pitiamide B,0.7079646017699115
Pitiamide A,0.7079646017699115
Microguanidine DA368,0.7074074074074074
Anatoxin-a,0.7072072072072072
Jamaicamide B,0.7062937062937062
4-Oxohomoanatoxin-a,0.706140350877193
Palmyrolide A,0.7061068702290076
Deoxypalytoxin,0.7055084745762712
Serinolamide A,0.7053571428571428
4S-Hydroxyhomoanatoxin-a,0.7049180327868853
4R-Hydroxyhomoanatoxin-a,0.7049180327868853
Bishomopalytoxin,0.7046413502109705
Malyngamide,0.7045454545454546
Palytoxin,0.703781512605042
Homopalytoxin,0.703781512605042
Ovatoxin-a,0.703781512605042
Ostreocin-D,0.703781512605042
Malyngamide P,0.7034482758620689
(42S-50S)42-hydroxypalytoxin,0.7029288702928871
(42S-50R)42-hydroxypalytoxin,0.7029288702928871
Kulomo’opunalide 2,0.7027027027027027
Isomalyngamide A,0.7019230769230769
Malyngamide A,0.7019230769230769
N-(2-aminoethyl)-glycine,0.7017543859649122
Malyngamide J,0.7016574585635359
Neopalytoxin,0.7016460905349794
3-phenylethyl-2'-deoxyuridine,0.7008733624454149
Kimbeamide B,0.7
Kimbeamide C,0.7
Kimbeamide A,0.7
Kulomo’opunalide 1,0.7
Semiplenamide B,0.7
11alpha-hydroxysaxitoxin,0.7
Columbamide D,0.6991525423728814
Columbamide C,0.6991525423728814
Oscillatoxin H,0.6987951807228916
Parguerene,0.6984126984126984
beta-N-methylamino-L-alanine,0.6982758620689655
6-O-acetylmalyngamide,0.6982248520710059
Microcarbonin A,0.6981981981981982
Jamaicamide A,0.697986577181208
Columbamide E,0.6974789915966386
Malyngamide Q,0.696875
Malyngamide R,0.696875
Semiplenamide D,0.6958333333333333
Semiplenamide E,0.6958333333333333
M5,0.6957671957671958
"4,9-Seco-11,11-dihydroxy-N-sulfocarbamoylsaxitoxin",0.6957671957671958
N-methylwelwitindolinone D isonitrile,0.6955017301038062
Malyngamide 4,0.695364238410596
Trichophycin B,0.6953125
Neosaxitoxin,0.6938775510204082
beta-amino-N-methylalanine,0.6929824561403508
Malyngamide O,0.6918238993710693
Phormidinine B,0.6906779661016949
Taveuniamide E,0.6891891891891893
11-11-dihydroxy-N21-sulfocarbamoylsaxitoxin,0.6890547263681592
"11,11-Dihydroxy-N-sulfocarbamoylsaxitoxin",0.6890547263681592
11-Hydroxy-N-sulfocarbamoylsaxitoxin,0.6890547263681592
Gonyautoxin-5,0.6875
Oscillatoxin G,0.6871508379888268
11-Hydroxydecarbamoylsaxitoxin,0.6870967741935484
Trichophycin C,0.6861702127659575
Phycoerythrobilin,0.6855345911949685
Smenamide D,0.6852941176470588
Madangolide,0.6843971631205674
Acetamino-hexachloropentadecadiyne,0.6842105263157895
"8-Acetamido-1,1,1,15,15-pentachloropentadeca-3,12-diyne",0.6842105263157895
"8-Acetamido-1,1,1,15,15,15-hexachloropentadeca-3,12-diyne",0.6842105263157895
Ypaoamide C,0.6836734693877551
23-Ac-tolytoxin A,0.6834319526627219
Credneramide B,0.6830357142857143
Laingolide B,0.6815068493150684
Phycocyanobilin,0.6810897435897436
Gonyautoxin-6,0.6790393013100436
Chlorophyll f,0.6783783783783783
Ambiguine I isonitrile,0.6782945736434108
Laingolide A,0.677536231884058
Laingolide,0.677536231884058
Sanctolide A,0.6764705882352942
Taveuniamide H,0.675
Taveuniamide K,0.6747967479674797
Chlorophyll a,0.6743515850144093
Pheophytin a,0.6743515850144093
Taveuniamide J,0.6728395061728395
Taveuniamide I,0.6728395061728395
7-Deoxy-desulfo-cylindrospermopsin,0.6706349206349207
"(3S,2'S)-4-ketomyxol 2'-fucoside",0.67
Fischerellin A,0.6695402298850575
Trichophycin F,0.6694915254237288
Tolyporphin C,0.6693548387096774
Tolyporphin B,0.6693548387096774
Pukeleimide E,0.6691176470588236
Trichophycin A,0.6682692307692308
Cylindrospermopsin,0.6678966789667897
7-Epicylindrospermopsin,0.6678966789667897
Cyanolide A,0.6675824175824175
Tolyporphin F,0.6673151750972762
Tolyporphin E,0.6666666666666666
Somocystinamide A,0.6666666666666666
7-Deoxy-desulfo-12-acetylcylindrospermopsin,0.6666666666666666
Ambiguine E isonitrile,0.666077738515901
Tanikolide,0.6647727272727273
Malyngolide,0.6647727272727273
Takinolide dimer,0.6629213483146068
Malyngolide dimer,0.6629213483146068
Taveuniamide G,0.6627906976744187
Lyngbic acid,0.6625
(-)-7-methoxydodec-4(E)-enoic acid,0.6625
"(2S,4S)-5,5-dichloroleucine",0.6617647058823529
Lyngbyaloside B,0.6608910891089109
11beta-hydroxysaxitoxin,0.6597744360902256
Tolyporphin D,0.6597510373443983
"15,16-dihydrosacrolide A",0.6594202898550725
Trichotoxin A,0.6586538461538461
Yoshinone A,0.65625
Mirabilene E isonitrile,0.6557971014492754
Laucysteinamide A,0.6554878048780488
Biselyngbyaside B,0.6545454545454545
Biselyngbyaside C,0.6541850220264317
Sulfoquinovosyldiacylglycerol,0.6535087719298246
11beta-hydroxy-N21-sulfocarbamoylsaxitoxin,0.653169014084507
3-acetyl-2'-deoxyuridine,0.6528384279475983
Pukeleimide B,0.6527093596059114
Pukeleimide A,0.6527093596059114
Ambiguine J isonitrile,0.6524822695035462
tetraacyl-sulfo-quinovopyranosyl glycerol,0.6521739130434783
Kimbelactone A,0.6518987341772152
Nakienone B,0.650375939849624
Pukeleimide G,0.65
Yoshinone B2,0.649390243902439
Yoshinone B1,0.649390243902439
Scytoscalarol,0.648
Malyngic acid,0.6463414634146342
Not named CyanoMetDB_1749,0.6437768240343348
Nakienone A,0.6434426229508197
Myxol (II),0.6428571428571428
Nakienone C,0.641025641025641
Kalkipyrone B,0.641025641025641
Bastimolide A,0.6407766990291262
Y-lactone 2,0.6382978723404256
Propenediester,0.6370370370370371
Prenostodione,0.636734693877551
7-methoxy-9-methylhexadecadienoic acid,0.6356589147286822
Lyngbyacarbonate,0.6353591160220995
Mirabilene A isonitrile,0.6346153846153846
Mirabilene F isonitrile,0.6346153846153846
(2-(palmitoyloxy)ethyl)phosphate,0.6346153846153846
Mirabilene C isonitrile,0.6335616438356164
Mirabilene B isonitrile,0.6335616438356164
Mirabilene D isonitrile,0.6335616438356164
Tetrahydroindol 5,0.6324257425742574
Kalkipyrone A,0.628125
Phormidinine A,0.6271186440677966
Coibacin C,0.6271186440677966
Honaucin C,0.6261682242990654
Honaucin B,0.625
Microcystbiopterin D,0.6241721854304636
Biopterin-a-glucoside,0.6229235880398671
Tjipanazole G2,0.6227272727272727
Tjipanazole G1,0.6227272727272727
Microcystbiopterin C,0.6225165562913907
Microcystbiopterin B,0.6225165562913907
Debromogrenadadien,0.6223021582733813
Microcystbiopterin E,0.6221122112211221
Curacin D,0.621875
Microcystbiopterin A,0.6217105263157895
Tjipanazole C4,0.618421052631579
Tjipanazole C2,0.618421052631579
Tjipanazole C3,0.618421052631579
Tjipanazole C1,0.618421052631579
Tjipanazole A2,0.618421052631579
Tjipanazole E,0.618421052631579
Tjipanazole A1,0.618421052631579
Grenadadien,0.6174496644295302
Coibacin A,0.6141732283464567
Tjipanazole F2,0.6129807692307693
Tjipanazole F1,0.6129807692307693
Tjipanazole B,0.6129807692307693
Trichotoxin B,0.6120689655172413
1-ethenoxy-2-methylbenzene,0.6111111111111112
Honaucin A,0.6108247422680413
Ambigol C,0.6071428571428571
Ambigol B,0.6
Trichophycin D,0.5947368421052631
Trichophycin E,0.5891089108910891
Crossbyanol B,0.4166666666666667
Crossbyanol C,0.4152542372881356
Crossbyanol D,0.41358024691358025
Crossbyanol A,0.4097222222222222
Bauerine B,0.40740740740740744
Bauerine A,0.40671641791044777
Nostocarboline,0.4053030303030303
Guanitoxin,0.4041916167664671
Tjipanazole D,0.40082644628099173
Tjipanazole I,0.40082644628099173
Puna’auic acid,0.38524590163934425
Ambigol A,0.38480392156862747
1-(2-Hydroxy-phenoxy)-trieicos-1-en-3-one,0.38211382113821135
Bauerine C,0.3788546255506608
Curacin B,0.37567567567567567
Curacin A,0.37567567567567567
Curacin C,0.37567567567567567
Aulosirazole,0.3756345177664975
Koshikalide,0.3715083798882681
Bacteriohopanetetrol,0.3700787401574803
Bacteriohopanetetrol from 'Anacystis montana',0.3700787401574803
Chlorohyellazole,0.3666666666666667
Tjipanazole J,0.36419753086419754
Ambiguine Q nitrile,0.36278195488721804
Cybastacine A,0.36241610738255037
Caylobolide B,0.3614457831325301
Nuiapolide,0.3614457831325301
Samholide I,0.3611111111111111
Amantelide B,0.3591954022988506
Amantelide A,0.3591954022988506
Borophycin,0.35714285714285715
Tetrahydroindol 3,0.3556034482758621
Tricholactone,0.35416666666666663
Lyngbioic acid,0.3538461538461538
"2,5-dimethyldodecanoic acid",0.3538461538461538
Calothrixin A,0.3532934131736527
12-epi-fischerindole I nitrile,0.35
Ambiguine G nitrile,0.34944237918215615
Tetrahydroindol 4,0.3493150684931507
Tetrahydroindol 1,0.3493150684931507
Deschloro 12-epi-fischerindole I nitrile,0.3492063492063492
Calothrixin B,0.3481012658227848
Tetrahydroindol 2,0.3480176211453745
Oscillariolide,0.347926267281106
Bromoanaindolone,0.3477157360406091
Nakitriol,0.34736842105263155
Ambiguine P,0.3472727272727273
9-epi-sacrolide A,0.3472222222222222
Fontonamide,0.3464912280701754
Gloeolactone,0.34615384615384615
Mueggelone,0.34615384615384615
Tolyporphin I,0.3456221198156682
Tolyporphin G,0.3456221198156682
Tolyporphin H,0.3456221198156682
12-epi-Fischerindole I isonitrile,0.3453389830508474
"N,7-Dimethylindole-3-carbaldehyde",0.34523809523809523
Kalkitoxin,0.34513274336283184
12-epi-fischerindole W nitrile,0.34472049689441
Swinholide A,0.3445945945945946
"(2S)-3-O-beta-D-galactopyranosyl-1-O-(9Z,12Z-octadecadienoyl)-2-O-(4Z-hexadecenoyl)glycerol",0.3439024390243902
Ambiguine A isonitrile,0.3439024390243902
"6-O-triacetyl(A,B,E)-beta-cyclodextrin",0.34328358208955223
"6-O-triacetyl(A,B,D)-beta-cyclodextrin",0.34328358208955223
"6-O-diacetyl(A,B)-beta-cyclodextrin",0.34328358208955223
6-O-acetyl-beta-cyclodextrin,0.34328358208955223
"6-O-tetraacetyl(A,B,D,E)-alpha-cyclodextrin",0.34328358208955223
"6-O-tetraacetyl(A,B,C,E)-alpha-cyclodextrin",0.34328358208955223
"6-O-triacetyl(A,C,E)-alpha-cyclodextrin",0.34328358208955223
"6-O-triacetyl(A,B,C)-alpha-cyclodextrin",0.34328358208955223
"6-O-diacetyl(A,C)-alpha-cyclodextrin",0.34328358208955223
"6-O-diacetyl(A,B)-alpha-cyclodextrin",0.34328358208955223
6-O-acetyl-alpha-cyclodextrin,0.34328358208955223
"4,8-dimethyl-6-hydroxyquinoline",0.3432203389830508
Eucapsitrione,0.34246575342465757
Anhydrohapaloxindole A,0.341796875
"(3R,2'S)-myxol 2'-fucoside",0.3413793103448276
Scytophycin A,0.34100418410041844
Samholide D,0.34090909090909094
Samholide H,0.34090909090909094
Samholide C,0.34090909090909094
Takinolide seco-acid,0.34090909090909094
Ambiguine K isonitrile,0.3405511811023622
"20,21-didehydroacutiphycin",0.3405405405405405
Sacrolide A,0.3402366863905325
Anhydrohapaloxindole M,0.34022556390977443
Ankaraholide A,0.3401826484018265
Biselyngbyaside D,0.33974358974358976
Acutiphycin,0.33967391304347827
Didehydromirabazole A,0.339171974522293
7-Deoxy-Cylindrospermopsin,0.33916083916083917
Hapalonamide A,0.33913043478260874
Deschloro 12-epi-fischerindole W nitrile,0.33783783783783783
Ambiguine L isonitrile,0.3374485596707819
Mirabazole C,0.3373702422145329
Anhydrohapaloxindole B,0.3362369337979094
Scytophycin E,0.33613445378151263
Scytophycin C,0.33613445378151263
19-O-deMe-scytophycin C,0.33613445378151263
Taveuniamide F,0.33613445378151263
Palytoxin carboxylic acid,0.3358974358974359
Samholide F,0.3355855855855856
Samholide B,0.3355855855855856
Samholide G,0.3355855855855856
Samholide E,0.3355855855855856
Samholide A,0.3355855855855856
"2,4-dichlorobenzoic acid",0.33544303797468356
13-hydroxy dechlorofontonamide,0.33484162895927605
Ambiguine B isonitrile,0.3347107438016529
35-O-beta-6 amino-6-deoxyglucopyranosyl-bacteriohopanetetrol,0.33461538461538465
Tolyporphin J,0.3342105263157895
Phormidolide,0.3340807174887892
(2S)-1-O-Palmitoyl-3-O-beta-D-galactopyranosylglycerol,0.33333333333333337
Trichothiazole A,0.33254716981132076
Lyngbouilloside,0.3317972350230415
Fischambiguine B,0.33139534883720934
Tolytoxin,0.32987551867219916
7-OMe-scytophycin B,0.32987551867219916
6-OH-7-Ome-15-O-deMe-scytophycin B,0.32987551867219916
Gonyautoxin-3,0.32983193277310924
Ambiguine C isonitrile,0.32974137931034486
Glucosylsucrose derivative 4,0.32936507936507936
Glucosylsucrose derivative 3,0.32936507936507936
Glucosylsucrose derivative 2,0.32936507936507936
Glucosylsucrose,0.32936507936507936
beta-cyclodextrin,0.3292682926829268
gamma-cyclodextrin,0.3292682926829268
7-OMe-29-OAc-scytophycin B,0.3292181069958848
Scytophycin B,0.32916666666666666
6-OH-scytophycin B,0.32916666666666666
Fischambiguine A,0.3288888888888889
6-OH-7-OMe-scytophycin E,0.3284518828451883
7-OMe-19-deMe-scytophycin D/E,0.3284518828451883
Tolyporphin K,0.3277310924369748
Scytophycin D,0.3277310924369748
6-OH-scytophycin D/E,0.3277310924369748
Ambiguine D isonitrile,0.32752613240418116
Ankaraholide B,0.32727272727272727
Lyngbyaloside,0.3271889400921659
N-Sulfocarbamoylgonyautoxin-3,0.32592592592592595
N-Sulfocarbamoylgonyautoxin-4,0.32592592592592595
7-Ac-scytophycin B,0.3257261410788382
Nostotrebin 6,0.32558139534883723
Decarbamoylneosaxitoxin,0.3254437869822485
18Z-lyngbyaloside C,0.325
18E-lyngbyaloside C,0.325
Malyngamide T,0.3236607142857143
Mirabazole B,0.3225255972696246
Aranazole A,0.3222222222222222
"8-Acetamido-1,1,15,15-tetrachloropentadeca-3-yne",0.3214285714285714
"8-Acetamido-1,1,15,15,15-pentachloropentadeca-3-yne",0.3214285714285714
Fischerellin B,0.3214285714285714
12alpha-Deoxydecarbamoyloxysaxitoxin,0.3207547169811321
12beta-Deoxydecarbamoyloxysaxitoxin,0.3207547169811321
Tantazole I,0.32066869300911854
N-Sulfocarbamoylgonyautoxin-1,0.3203125
N-Sulfocarbamoylgonyautoxin-2,0.3203125
Gonyautoxin-4,0.3201754385964912
Gonyautoxin-1,0.3201754385964912
Aranazole D,0.31934306569343063
Taveuniamide D,0.31851851851851853
Hapalindole L,0.3181818181818182
"(S)-2,4-diaminobutyric acid",0.31746031746031744
Ambiguine M isonitrile,0.3170212765957447
3-epi-welwitindolinone B isothiocyanate,0.31557377049180324
Anaephene C,0.31553398058252424
Ambiguine F isonitrile,0.31512605042016806
decarbamoyloxysaxitoxin,0.31493506493506496
Welwitindolinone B isothiocyanate,0.3148148148148148
Ambiguine H isonitrile,0.31470588235294117
Taveuniamide C,0.3146067415730337
"12,12-Dideoxydecarbamoylsaxitoxin",0.3137254901960784
N-methylwelwitindolinone C isothiocyanate,0.31346153846153846
Decarbamoylsaxitoxin,0.3129032258064516
Welwitindolinone C isothiocyanate,0.3127413127413128
12alpha-Deoxydecarbamoylsaxitoxin,0.3116883116883117
12beta-Deoxydecarbamoylsaxitoxin,0.3116883116883117
Welwitindolinone A isonitrile,0.3116883116883117
2-epi-lyngbyaloside,0.3114035087719298
12-epi-Hapalindole J isonitrile,0.31137724550898205
Ambiguine N isonitrile,0.3111111111111111
3-hydroxy-N-methylwelwitindolinone C isothiocyanate,0.31046931407942235
Ambiguine O isonitrile,0.3104166666666667
Gonyautoxin-2,0.3089622641509434
Hapalindole T,0.3088235294117647
Nostoclide 1,0.3081896551724138
Credneramide A,0.3079268292682927
12-epi-fischerindole G isonitrile,0.3076923076923077
Fischerindole L,0.3076923076923077
"6,8-di-O-acetylmalyngamide",0.3069306930693069
Decarbamoylgonyautoxin-3,0.3069306930693069
Decarbamoylgonyautoxin-2,0.3069306930693069
Nostoclide 2,0.3065217391304348
Aranazole B,0.30632411067193677
N-methylwelwitinsolinone C isonitrile,0.306
Acetamino-trichlorodecane,0.3055555555555556
Decarbamoylgonyautoxin-1,0.3054187192118226
Decarbamoylgonyautoxin-4,0.3054187192118226
Taveuniamide B,0.3053435114503817
Taveuniamide A,0.3053435114503817
12beta-Deoxydecarbamoyloxygonyautoxin-3,0.30528846153846156
12-epi-fisherindole U isothiocyanate,0.30203045685279184
Hapalindolinone A,0.30193236714975846
3-hydroxy-N-methylwelwitindolinone C isonitrile,0.3018867924528302
Columbamide B,0.3012048192771084
Mirabimide E,0.3010471204188482
Hapalindole A isothiocyanate,0.3005181347150259
Columbamide A,0.3
Hectochlorin,0.2996031746031746
Aranazole C,0.298828125
12-epi-fischerindole U isonitrile,0.2974683544303798
12-epi-Hapalindole G,0.29729729729729726
Lyngbyabellin G,0.29718875502008035
Lyngbyabellin K,0.2963709677419355
Hapalindole F,0.2962962962962963
Anaephene B,0.29523809523809524
Makalika ester,0.2949438202247191
"4,5-dihydroxy-1-methyl-anthraquinone",0.29464285714285715
Muscoride A,0.2945859872611465
Muscoride B,0.2942122186495177
13-O-acetyl-12beta-deoxydecarbamoylsaxitoxin-11beta-O-sulfate,0.29396984924623115
13-O-acetyldecarbamoylsaxitoxin-11alpha-O-sulfate,0.2927927927927928
"13-O-acetyldecarbamoylsaxitoxin-11beta-
O-sulfate",0.2927927927927928
Hapalindolinone B,0.29230769230769227
Lyngbyabellin M,0.29132231404958675
Hapalindole M,0.2912087912087912
Dolabellin,0.2899159663865546
Hapalindole A,0.2894736842105263
Lyngbyabellin C,0.2891566265060241
12-epi-Hapalindole G,0.2880794701986755
Lyngbyabellin H,0.2857142857142857
Lyngbyabellin E,0.2857142857142857
Hapalindole O,0.28494623655913975
Lyngbyabellin I,0.28435114503816794
Lyngbyabellin F,0.28435114503816794
Malyngamide C,0.28421052631578947
8-epi-malyngamide C,0.28421052631578947
8-O-acetyl-8-epi-malyngamide C,0.28391959798994976
Anaephene A,0.2828282828282828
deprenylmuscoride B,0.2827586206896552
Hapalindole D,0.2827586206896552
Hapalindole Q,0.2827586206896552
12-epi-Hapalindole E isonitrile,0.282312925170068
Acetamino-tridecane,0.28125
deprenylmuscoride A,0.2810344827586207
Decarbamoyloxylgonyautoxin-2,0.2808988764044944
Decarbamoyloxygonyautoxin-3,0.2808988764044944
Gallinamide A,0.28
Symplostatin 4,0.28
N-demethyl-isomalyngamide I,0.27956989247311825
Malyngamide I,0.27956989247311825
Malyngamide M,0.2789473684210526
7-formyl-3-methoxy-5-methylindanone,0.2786885245901639
Lyngbyabellin J,0.27819548872180455
12-epi-Hapalindole H,0.278169014084507
Caldorin,0.27717391304347827
Lyngbyabellin D,0.2767175572519084
Makalikone ester,0.2762430939226519
Dysinosin C,0.2757731958762887
Dysinosin A,0.2757731958762887
Grenadamide B,0.27564102564102566
Grenadamide C,0.27564102564102566
Tricholide A,0.2752808988764045
"2,3-Epoxyanatoxin-a",0.2752808988764045
"2,3-Epoxyhomoanatoxin-a",0.2752808988764045
Dysinosin B,0.274468085106383
Herbamide B,0.2733990147783251
Santacruzamate A,0.27338129496402874
Mirabimide B,0.27005347593582885
Mirabimide D,0.27005347593582885
Mirabimide A,0.27005347593582885
Guineamide,0.26973684210526316
cis-Dihydrohomoanatoxin-a,0.2692307692307692
trans-Dihydrohomoanatoxin-a,0.2692307692307692
trans-Dihydroanatoxin-a,0.2692307692307692
cis-Dihydroanatoxin-a,0.2692307692307692
Mirabimide C,0.26881720430107525
12-epi-Hapalindole C isonitrile,0.26838235294117646
12-epi-Hapalindole Q isonitrile,0.26838235294117646
Tricholide B,0.2648809523809524
Hermitamide A,0.2641509433962264
Hoiamide D,0.25914634146341464
Barbaleucamide A,0.25821596244131456
Hoiamide C,0.2575301204819277
Hydroxycyanobacterin,0.255868544600939
Hoiamide B,0.25584795321637427
Hoiamide A,0.25513196480938416
Not named CyanoMetDB_1645,0.2541436464088398
Westiellamide,0.2532751091703057
11-hydroxytolypodiol,0.25
Banyaside B,0.25
Banyaside A,0.25
Suomilide,0.25
Cryptophycin 66,0.25
Tolypodiol,0.248
Barbamide,0.24660633484162897
Teleocidin B,0.2457627118644068
methyl tumonoate A,0.24516129032258066
Aeruginosin 828A,0.24472573839662448
Nordysidenin,0.2435897435897436
Pseudodysidenin,0.2435897435897436
Cryptophycin 4,0.24345549738219896
"8-[(5-carboxy-2,9-epoxy)benzyl]-2,5-dihydroxy-1,1,4a,7,8-pentamethyl-1,2,3,4,4a,6,7,8,9,10,10a-dodecahydrophenanthrene",0.24275362318840582
Lyngbyastatin 2,0.24226804123711343
Dolastatin 15,0.24208144796380088
Dechlorobarbamide,0.24074074074074076
Lyngbyatoxin C,0.24074074074074076
Antillatoxin-A,0.2387640449438202
Lyngbyatoxin B,0.2383720930232558
methyl tumonoate B,0.23809523809523808
Tumonoic acid B,0.23809523809523808
"4,8-dimethyl-6-O-(2’,4’-di-O-methyl-beta-D-xylopyranosyl)hydroxyquinoline",0.23809523809523808
Hoshinolactam,0.23780487804878048
Cryptophycin 43,0.23655913978494625
Tumonoic acid C,0.2365269461077844
Aurilide A,0.2359550561797753
Aurilide C,0.2359550561797753
Aurilide B,0.2359550561797753
(E)-Dehydroapratoxin A,0.23404255319148937
Lyngbyatoxin A,0.23076923076923078
Teleocidin-A2 19(S),0.23076923076923078
ethyl tumonoate A,0.2290322580645161
Aeruginosin 794A,0.22850678733031676
Grassypeptolide F,0.22833333333333333
Grassypeptolide G,0.22833333333333333
6-deoxytolypodiol,0.22799999999999998
Grassypeptolide C,0.22666666666666668
Grassypeptolide A,0.22666666666666668
Grassypeptolide B,0.22666666666666668
Grassypeptolide E,0.22666666666666668
Grassypeptolide D,0.22666666666666668
Dysideaproline B,0.22249999999999998
Dysideaproline F,0.22249999999999998
Dysideaproline A,0.22249999999999998
Dysideaproline C,0.22249999999999998
Dysideaproline D,0.22110552763819097
Largazole,0.22100313479623823
Lyngbyabellin B,0.22093023255813954
Wewakazole B,0.22007722007722008
Wewakazole,0.22007722007722008
Dysideaproline E,0.2182741116751269
Anabaenolysin A,0.2180232558139535
Microcolin A,0.21794871794871795
Hermitamide B,0.21785714285714286
Apramide G,0.21750000000000003
Anabaenolysin B,0.2154696132596685
Janadolide,0.2142857142857143
Micropeptin KT636,0.21291866028708134
Lyngbyabellin A,0.212890625
4-hydroxy-7-methyl-1-indanone,0.2128712871287129
Anabaenolysin D,0.21111111111111114
Anabaenolysin C,0.21111111111111114
Comnostin D,0.20673076923076922
Cyanobacterin,0.20657276995305163
Aeruginosin 205A,0.203125
Aeruginosin 205B,0.203125
Apratoxin E,0.2013888888888889
Piricyclamide 7005E3-M(O),0.2011173184357542
Norlyngbyastatin 2,0.2005988023952096
27-deoxylyngbyabellin A,0.2
Symplostatin 1,0.19675925925925924
Dolastatin 10,0.19675925925925924
Apramide A,0.1951219512195122
Apramide B,0.1951219512195122
Comnostin C,0.195
Comnostin E,0.19072164948453607
Comnostin B,0.19072164948453607
Piricyclamide FAIFLLLP,0.18928571428571428
Microginin FR10,0.1888111888111888
Hapalocyclamide,0.18844984802431614
Antillatoxin-B,0.1871508379888268
Piricyclamide 7005E4,0.1863905325443787
Piricyclamide 7005E3,0.18529411764705883
Brintonamide E,0.18518518518518517
Brintonamide D,0.18518518518518517
Hapalosin,0.1842105263157895
Apramide C,0.18316831683168316
Anacyclamide B7,0.18238993710691825
Comnostin A,0.18229166666666669
Aeruginosin 596B,0.18205128205128207
Microginin FR9,0.18181818181818182
Microginin 764,0.18125000000000002
Micromide,0.18112244897959184
Noscomin,0.17788461538461536
Aeruginosin 596A,0.17766497461928932
Malevamide E,0.17708333333333331
Microcyclamide A,0.1752767527675277
Microcyclamide GL582,0.1752767527675277
Anacyclamide A15,0.17134831460674155
Piricyclamide GTHLYTITP,0.1685714285714286
Apramide D,0.16824644549763035
Apramide E,0.16824644549763035
Biseokeaniamide C,0.16756756756756758
Biseokeaniamide B,0.16756756756756758
Biseokeaniamide A,0.16756756756756758
Microcyclamide GL628,0.1660839160839161
Anacyclamide A15G,0.1657142857142857
Dendroamide C,0.16396761133603238
Tenuecyclamide D,0.16396761133603238
Homodolastatin 3,0.16363636363636364
Dolastatin 3,0.16363636363636364
Microguanidine AL772,0.16350710900473936
Kulokekahilide 2,0.16292134831460675
Lagunamide B,0.16292134831460675
Symplostatin 3,0.16249999999999998
Malevamide D,0.16242038216560511
Isodolastatin H,0.16242038216560511
Maedamide,0.1586826347305389
Bistratamide A,0.1579925650557621
Tenuecyclamide A,0.15695067264573992
Tenuecyclamide B,0.15695067264573992
Banyascyclamide C,0.15639810426540285
Apramide F,0.15625
Lagunamide A,0.1542857142857143
Dendroamide B,0.15416666666666667
Tenuecyclamide C,0.15416666666666667
Nostocyclamide M,0.15416666666666667
Banyascyclamide B,0.15330188679245282
Lagunamide C,0.1531791907514451
Microcyclamide GL614C,0.1527272727272727
Lyngbyapeptin A,0.15186915887850466
Lyngbyapeptin D,0.15186915887850466
[Mdha-Cys7]MC-YR,0.1511627906976744
Kororamide,0.14808917197452232
[Mdha-GSH7]MC-YR,0.147887323943662
Cyanopeptolin CP990,0.14571428571428574
15-norlyngbyapeptin A,0.14523809523809522
Anacyclamide E10,0.14444444444444443
Dolastatin E,0.14358108108108109
Aeruginazole DA1497,0.1422018348623853
"[D-Asp3,(E)-Dhb7]MC-HtyW",0.14218009478672988
"[D-Leu1,Mdha-GluCys(O)7]MC-LR",0.14218009478672988
"[D-Leu1,Mdha-Cys(O)7]MC-LR",0.14218009478672988
Itralamide A,0.1408450704225352
Piricyclamide 7005E1-M(O),0.14080459770114945
Aestuaramide B,0.13901345291479822
"[D-Leu1,Mdha-GS(O)H7]MC-LR",0.13875598086124402
Kakeromamide A,0.1382488479262673
Aestuaramide A,0.13793103448275862
Microcyclamide GL614A,0.13690476190476192
Microcyclamide GL614B,0.13690476190476192
Bistratamide J,0.13636363636363635
MC-AW,0.13567839195979897
MC-WV,0.13567839195979897
[D-Asp3]MC-LW,0.13567839195979897
MC-LW,0.13567839195979897
MC-WAba,0.13567839195979897
MC-WL,0.13567839195979897
[D-Asp³]MC-WA,0.13567839195979897
MC-WA,0.13567839195979897
Microcyclamide MZ568,0.13157894736842107
Kulokekahilide 1,0.1308724832214765
Brintonamide C,0.13028169014084506
Itralamide B,0.13028169014084506
Izenamide C,0.13028169014084506
Brintonamide A,0.13008130081300812
Brintonamide B,0.13008130081300812
"[D-Asp3,(E)-Dhb7]MC-LW",0.1299019607843137
Anacyclamide C8,0.12903225806451613
Dendroamide A,0.12780269058295962
Venturamide A,0.12780269058295962
Nostocyclamide,0.12780269058295962
MC-YM(O),0.12755102040816324
[Mdha-NAcCys7]MC-RR,0.12686567164179102
[Mdha-Cys7]MC-RR,0.12686567164179102
[Mdha-Cys7]MC-LR,0.12686567164179102
Bouillomide B,0.12643678160919541
Lyngbyastatin 10,0.12643678160919541
[DMAdda5]MC-WR,0.12562814070351758
"[D-Leu1,Mdha-GluCys7]MC-LR",0.12437810945273631
"[D-Leu1,Mdha-Cys7]MC-LR",0.12437810945273631
Aeruginosin LH650,0.12420382165605093
(-)Psymbamide A,0.12411347517730498
Homodolastatin 16,0.12411347517730498
Dolastatin 16,0.12411347517730498
"[D-Asp3,Mdha-GSH7]MC-RR",0.12311557788944721
[Mdha-GSH7]MC-RR,0.12311557788944721
[Mdha-GSH7]MC-LR,0.12311557788944721
Anacyclamide A8P,0.12290502793296088
Bistratamide H,0.12276785714285715
Bistratamide G,0.12276785714285715
Venturamide B,0.12227074235807861
Tutuilamide B,0.12209302325581395
Tutuilamide A,0.12209302325581395
Tutuilamide C,0.12209302325581395
Microcyclamide MZ602,0.12142857142857144
Microcyclamide GL616,0.12142857142857144
"[D-Leu1,Mdha-GSH7]MC-LR",0.12060301507537691
Cyanopeptolin CP999,0.12
Piricyclamide 7005E1,0.11890243902439024
Malevamide A,0.11788617886178859
MC-OiaAba,0.11658031088082904
MC-OiaA,0.11658031088082904
Nodularin-R-phenylglyoxal (IIb),0.11611374407582936
[epoxyAdda5]MC-LR,0.11578947368421055
MC-YM,0.11436170212765956
Piricyclamide ILGEGEGWNYNP+prenyl,0.11419753086419754
Aeruginosin DA495B,0.1139705882352941
Piricyclamide 7005E2,0.11309523809523808
Microcyclamide GL546B,0.1127659574468085
Microcyclamide GL546A,0.1127659574468085
Microginin 91C,0.11261261261261263
Ferintoic acid B,0.11231884057971014
Ferintoic acid A,0.11231884057971014
Hoshinoamide B,0.11231884057971014
Dolastatin 13,0.1111111111111111
Aeruginosin KY608,0.11073825503355705
Microginin 91D,0.11016949152542371
Aeruginosin LH606,0.10999999999999999
Tasiamid E,0.1097560975609756
Tasiamid A,0.1097560975609756
Hoshinoamide A,0.10948905109489049
[D-Asp3]MC-RW,0.10804020100502515
MC-WR,0.10804020100502515
[Dha7]MC-WR,0.10804020100502515
[D-Asp3]MC-WR,0.10804020100502515
Aeruginosin GE686,0.10738255033557048
MC-LNfk,0.106951871657754
MC-NfkAba,0.106951871657754
MC-NfkA,0.106951871657754
Micropeptin HU1041,0.10471204188481675
Malevamide B,0.10431654676258995
Microginin 715,0.1036036036036036
Microginin 715,0.1036036036036036
MC-LY(OMe),0.1032608695652174
Aeruginosin 89B-SO3,0.10256410256410259
Aeruginosin 89A-SO3,0.10256410256410259
Micropeptin 478B,0.10209424083769636
Micropeptin HU1069,0.10204081632653061
Prenylagaramide B,0.10150375939849626
Microseiramide,0.09999999999999998
Micropeptin MZ939A,0.09999999999999998
Microginin T2,0.09909909909909909
Largamide D oxazolidine,0.09756097560975607
Lyngbyastatin 6,0.09685863874345552
Nostophycin C,0.09677419354838712
Cyanopeptolin SS,0.09668508287292815
Anacyclamide F10P,0.09629629629629627
Bouillomide A,0.09627329192546585
Lyngbyastatin 9,0.09627329192546585
Lyngbyastatin 8,0.09627329192546585
Loggerpeptin C,0.09627329192546585
Molassamide,0.09627329192546585
MC-OiaR,0.09585492227979275
"[D-Asp³,Mser7]MC-LY",0.09482758620689657
Scytonemin A,0.09395973154362414
Bistratamide C,0.09375
Microginin 756,0.09375
Anacyclamide A20PP,0.09316770186335405
Anacyclamide A20P,0.09316770186335405
Lyngbyastatin 5,0.09259259259259262
Aeruginosin 670,0.09246575342465752
[DMAdda5]MC-Y(OMe)R,0.09239130434782611
Brunsvicamide A,0.09230769230769231
Brunsvicamide B,0.09230769230769231
Croissamide,0.09160305343511449
[DMAdda5]MC-(H4)YR,0.09090909090909088
Spiroidesin,0.09090909090909088
Microginin 606A,0.09047619047619049
Microginin 534,0.09047619047619049
Microginin 620B,0.09047619047619049
Microginin 578A,0.09047619047619049
Microginin 620A,0.09047619047619049
"[D-Asp³,ADMAdda5]MC-(H4)YR",0.08974358974358976
[ADMAdda5]MC-(H4)YR,0.08974358974358976
[ADMAdda5]MC-(H4)YHar,0.08974358974358976
Anabaenopeptin 802,0.08914728682170542
[D-Asp³]MC-HilY,0.0888888888888889
Guineamide F,0.0888888888888889
Grassystatin E,0.08870967741935482
Grassystatin D,0.08870967741935482
Grassystatin C,0.08870967741935482
Lyngbyastatin 4,0.08870967741935482
Tasiamid B,0.08800000000000002
Micropeptin MZ925,0.08787878787878789
"[D-Met(O)1,D-MeO-Glu6]MC-LR",0.08730158730158732
MC-LM,0.08571428571428569
Microginin 568,0.0855855855855856
Balgacyclamide C,0.08527131782945735
Micropeptin MZ939B,0.08522727272727271
Anacyclamide B8,0.08496732026143788
Microginin 757B,0.08482142857142855
Microginin 91E,0.08482142857142855
Microginin 767,0.08411214953271029
Microginin FR8,0.08411214953271029
Microginin FR6,0.08411214953271029
Microginin KR767,0.08411214953271029
Nostophycin,0.08400000000000002
Nostophycin B,0.08400000000000002
MC-YAba,0.08333333333333331
[D-Leu1]MC-LY,0.08333333333333331
MC-YY,0.08333333333333331
[D-Asp³]MC-YY,0.08333333333333331
"[D-Asp3,Dha7]MC-LY",0.08333333333333331
[D-Asp3]MC-LY,0.08333333333333331
MC-LY,0.08333333333333331
MC-YL,0.08333333333333331
"[D-Asp³,Dha7]MC-YA",0.08333333333333331
MC-YA,0.08333333333333331
MC-NfkR,0.08288770053475936
"[D-Asp3,(E)-Dhb7]MC-HtyY",0.08287292817679559
Trichormamide A,0.08264462809917356
Microginin AL584,0.08256880733944955
Nostoginin BN578,0.08252427184466021
Microginin 649,0.08252427184466021
Microginin 606B,0.08252427184466021
Piricyclamide SQWGWRGLSDP,0.08223684210526316
Microginin 550,0.08095238095238094
Microginin 478,0.08095238095238094
Micropeptin SF995,0.0809248554913295
Micropeptin HU989,0.08064516129032256
"[Asp3,Dhb7]MC-LY",0.08055555555555555
Prenylagaramide A,0.08029197080291972
Micropeptin HU1021,0.08011049723756908
Micropeptin HU975,0.08011049723756908
Micropeptin 478A,0.08011049723756908
MC-KynA,0.08000000000000002
MC-KynAba,0.08000000000000002
Microginin KR801,0.07964601769911506
Aeruginosamide,0.07948717948717948
Bistratamide N,0.07932692307692307
Bistratamide M,0.07932692307692307
Microginin KR835,0.07894736842105265
MC-(H2)YG,0.07894736842105265
Anacyclamide B10,0.07874015748031499
Aeruginosin 298B,0.0784313725490196
Aeruginosin EI461,0.0784313725490196
Microginin 683,0.07798165137614677
Microginin 725,0.07798165137614677
Microginin 717,0.07727272727272727
MC-HtyAhppa,0.07714285714285712
Microginin 598,0.07657657657657657
Microginin FR5,0.0761904761904762
Microginin KR604,0.0761904761904762
Microginin 739B,0.0761904761904762
Microginin 741A,0.0761904761904762
Microginin 755B,0.0761904761904762
Cyanostatin B,0.0761904761904762
Microginin SD755,0.0761904761904762
[D-Leu1]MC-M(O2)R,0.07608695652173914
MC-RY(OMe),0.07608695652173914
[D-Asp³]MC-Y(OMe)R,0.07608695652173914
MC-Y(OMe)R,0.07608695652173914
[D-Asp³]MC-M(O2)R,0.07608695652173914
MC-M(O2)R,0.07608695652173914
MC-(H2)YA,0.07602339181286549
Micropeptin LH911A,0.07602339181286549
Banyascyclamide A,0.07551020408163267
Oscillacyclin,0.07500000000000001
Microginin FR4,0.07476635514018692
Microginin 741B,0.07476635514018692
Microginin FR2,0.07476635514018692
Spumigin J,0.07425742574257427
Micropeptin T20-PO3,0.0741935483870968
Wainunuamide,0.07407407407407407
Anacyclamide A10,0.073943661971831
MC-M(O)R,0.07377049180327871
[D-Met(O)1]MC-LR,0.07377049180327871
[D-Leu1]MC-M(O)R,0.07377049180327871
[D-Asp³]MC-M(O)R,0.07377049180327871
Cyanopeptolin 911,0.0735294117647059
Aeruginosin IN608,0.0735294117647059
Cyanopeptolin 959,0.07309941520467839
Cyanopeptolin S,0.07309941520467839
Micropeptin LH911B,0.07309941520467839
Aeruginosin KY642,0.07299270072992703
Aeruginosin GE642,0.07299270072992703
Microginin 580,0.07281553398058255
Microginin 713,0.07281553398058255
Anacyclamide D10,0.07278481012658228
[dm(1)Adda5]MC-(H4)YR (isomer 1),0.07219251336898397
MC-(H4)YR,0.07219251336898397
[D-Asp³]MC-(H4)YR,0.07219251336898397
[Dha7]MC-(H4)YR,0.07219251336898397
Microginin KR638,0.07207207207207206
Microginin KR787,0.07207207207207206
Microginin T1,0.07207207207207206
Microginin GH787,0.07207207207207206
"[Asp³,DMAdda5]MC-RY",0.07183908045977011
[DMAdda5]MC-YR,0.07183908045977011
Jizanpeptin E,0.07180851063829785
[ADMAdda5]MC-YR,0.07142857142857145
Microginin 765,0.07142857142857145
Micropeptin SD999,0.07098765432098764
Largamide F,0.07096774193548389
Largamide D,0.07096774193548389
Cyanopeptolin 1009,0.07062146892655369
"[D-Asp³,NMe-Ser7]MC-YHar",0.07062146892655369
Oscillapeptin D,0.07027027027027027
MC-AhppaAhppa,0.06976744186046513
Jizanpeptin A,0.06906077348066297
Microginin 747B,0.06880733944954126
Microginin 99A,0.06880733944954126
MC-HphHty,0.06845238095238093
MC-LHty,0.06845238095238093
MC-FL,0.06845238095238093
MC-FV,0.06845238095238093
[D-Asp3]MC-LF,0.06845238095238093
MC-LF,0.06845238095238093
MC-VF,0.06845238095238093
MC-FAba,0.06845238095238093
MC-FA,0.06845238095238093
Microginin 99B,0.06818181818181818
Nostoginin BN741,0.06796116504854371
Microginin 590B,0.06796116504854371
Microginin 741C,0.06796116504854371
Microginin FR1,0.06796116504854371
Microginin 612,0.06796116504854371
"[D-Asp3,Ser7]MC-E(OMe)E(OMe)",0.06748466257668712
[L-Ser7]MC-E(OMe)E(OMe),0.06748466257668712
[L-Ser7]MC-EE(OMe),0.06748466257668712
MC-(H4)Y(H4)Y,0.06686046511627908
Microginin FR3,0.06666666666666665
Microginin 713B,0.06666666666666665
Microginin 769,0.06666666666666665
[D-MeO-Glu6]MC-YR,0.06666666666666665
Anacyclamide E10P,0.06666666666666665
Micropeptin KB956,0.06622516556291391
Anabaenopeptin MM823,0.06611570247933884
"[D-Asp3,(E)-Dhb7]MC-HtyHty",0.06609195402298851
[DMAdda5]MC-LA,0.06603773584905659
"[D-Asp³,DMAdda5]MC-LA",0.06603773584905659
Dolastatin I,0.06583629893238435
Raocyclamide A,0.06468531468531469
Microginin 761A,0.06422018348623854
Microginin 645,0.06422018348623854
Microginin 578C,0.06372549019607843
Microginin 299D,0.06363636363636366
Microginin 680,0.06363636363636366
[Ser7]MC-YR,0.06321839080459768
[NMe-Ser7]MC-RY,0.06321839080459768
[NMe-Ser7]MC-YR,0.06321839080459768
"[D-Asp³,Mser7]MC-RY",0.06321839080459768
Microginin 729,0.06310679611650488
Microginin 747A,0.06306306306306309
Microginin 761B,0.06306306306306309
Nostofungicine,0.06299212598425197
Bistratamide B,0.06293706293706292
Anabaenopeptin SA2,0.0625
Patellamide D,0.0625
Anacyclamide A11,0.0625
[D-Glu(OCH2CH(CH3)OH)6]MC-LR,0.06179775280898875
[D-Asp³]MC-Hty(OMe)R,0.06179775280898875
Micropeptin 90,0.061046511627906974
Oscillatorin,0.06077348066298344
Raocyclamide B,0.06060606060606061
"[D-Asp3,D-MeO-Glu6]MC-LAba",0.06060606060606061
Anacyclamide A9P,0.05985915492957744
[seco-4/5][D-Asp³]MC-HtyR,0.059523809523809534
[seco-4/5]MC-HtyR,0.059523809523809534
Oscillamide B,0.05882352941176472
A90720A,0.05847953216374269
Microginin 757,0.058252427184465994
Microginin 743,0.058252427184465994
Microginin 771,0.058252427184465994
Oscillapeptin J,0.05813953488372092
"[D-Asp3,ADMAdda5]MC-HtyR",0.05681818181818182
[ADMAdda5]MC-FR,0.05681818181818182
[NMe-Ser7]MC-LA,0.05660377358490565
"[D-Asp3,DMAdda5]MC-HtyR",0.05654761904761907
[DMAdda5]MC-FR,0.05654761904761907
Micropeptin KB970C,0.05629139072847683
Micropeptin KB984,0.05629139072847683
Jizanpeptin D,0.05524861878453041
Jizanpeptin C,0.05524861878453041
Jizanpeptin B,0.05524861878453041
"[D-Asp3,Dha7]MC-E(OMe)E(OMe)",0.05521472392638038
"[D-Asp3,Dha7]MC-EE(OMe)",0.05521472392638038
[Dha7]MC-E(OMe)E(OMe),0.05521472392638038
[Dha7]MC-EE(OMe),0.05521472392638038
Microginin 791,0.05504587155963303
"[D-Asp3,ADMAdda5,(E/Z)-Dhb7]MC-HtyR",0.05494505494505497
Balgacyclamide B,0.05439330543933052
[D-Leu1]MC-MR,0.05428571428571427
"[D-Met1,D-Asp3]MC-LR",0.05428571428571427
MC-RM,0.05428571428571427
MC-KynR,0.05428571428571427
[D-Met1]MC-LR,0.05428571428571427
[D-Asp³]MC-MR,0.05428571428571427
MC-MR,0.05428571428571427
Micropeptin MM850,0.05357142857142855
Nostocyclophane A,0.05343511450381677
Nostocyclophane B,0.05343511450381677
Micropeptin KB970B,0.053333333333333344
Micropeptin MZ771,0.05298013245033112
[NMe-Ser7]MC-(H4)YR,0.052941176470588214
Anacyclamide C10,0.05281690140845069
MC-HphHph,0.05246913580246915
MC-LHph,0.05246913580246915
Micropeptin LH925,0.05214723926380366
Micropeptin LH911C,0.05214723926380366
"[D-Asp3,D-MeO-Glu6]MC-HtyR",0.051724137931034475
Anabaenopeptin H-Itou,0.051724137931034475
[Dha7]MC-RY,0.051724137931034475
[D-MeO-Glu6]MC-FR,0.051724137931034475
MC-RY,0.051724137931034475
Anabaenopeptin KB906,0.051724137931034475
[D-Asp3]MC-YR,0.051724137931034475
[Dha7]MC-YR,0.051724137931034475
MC-YR,0.051724137931034475
[D-Asp3]MC-RY,0.051724137931034475
"[D-Asp³,Dha7]MC-RY",0.051724137931034475
MC-HilAba,0.051515151515151514
MC-HilA,0.051515151515151514
Micropeptin KB992,0.05067567567567566
Aeruginozamide AEG693,0.0505050505050505
"[D-Asp3,(E)-Dhb7]MC-YR",0.04999999999999999
[Dhb7]MC-YR,0.04999999999999999
"[D-Asp³,Dhb7]MC-RY",0.04999999999999999
Micropeptin MZ859,0.04966887417218541
Aeruginosin GE810,0.049645390070922
Cyanostatin A,0.04901960784313725
Cyanopeptolin CP1048,0.04870129870129869
Cyanopeptolin CP962,0.0482758620689655
Micropeptin KB928,0.0482758620689655
Aeruginozamide AEG625,0.048223350253807085
Aeruginozamide AEG571,0.048223350253807085
Micropeptin LH1062,0.04807692307692307
"[D-Asp3,Mser7]MC-HtyR",0.047619047619047616
"[D-Leu1,Ser7]MC-HtyR",0.047619047619047616
[Mser7]MC-HtyR,0.047619047619047616
[Ser7]MC-HtyR,0.047619047619047616
Schizokinen,0.047619047619047616
"[D-Asp3,Ser7]MC-HtyR",0.047619047619047616
Anabaenopeptin G-Erhard,0.04741379310344829
Anabaenopeptin 906B1,0.04741379310344829
Trichormamide B,0.04545454545454547
Aeruginozamide AEG667,0.045226130653266305
"[ADMAdda5,Mser7]MC-LR",0.044910179640718584
"[D-Asp3,ADMAdda5,Thr7]MC-LR",0.044910179640718584
Micropeptin KB970A,0.044217687074829926
[D-Asp3]MC-EE,0.04402515723270439
MC-LL,0.04402515723270439
[Asp3]MC-LE,0.04402515723270439
MC-EE,0.04402515723270439
MC-LE,0.04402515723270439
MC-LAba,0.04402515723270439
[D-Asp3]MC-LL,0.04402515723270439
[D-Asp3]MC-LA,0.04402515723270439
MC-LA,0.04402515723270439
[D-Asp³]MC-VA,0.04402515723270439
[Dha7]MC-LA,0.04402515723270439
MC-VA,0.04402515723270439
[D-Asp³]MC-LV,0.04402515723270439
MC-LV,0.04402515723270439
[D-Asp3]MC-(H2)YR,0.04385964912280704
MC-(H2)YR,0.04385964912280704
Micropeptin MM916,0.04375000000000001
Aeruginosin DA688,0.043624161073825496
Aeruginosin GE766,0.043624161073825496
Aeruginosin 98C,0.04316546762589929
Micropeptin LH1048,0.042207792207792194
"[D-Asp³,ADMAdda5]MC-HphR",0.041176470588235314
Cyanopeptolin CP1018,0.0410958904109589
[dm(1)Adda5]MC-(H4)YR (isomer 2),0.04069767441860467
"[Gly1,D-Asp3,ADMAdda5]MC-RHar",0.04046242774566472
[ADMAdda5]MC-LHar,0.04046242774566472
"[D-Asp3,ADMAdda5,Dha7]MC-HilR",0.04046242774566472
[ADMAdda5]MC-HilR,0.04046242774566472
"[D-Asp3,ADMAdda5]MC-LHar",0.04046242774566472
[ADMAdda5]MC-HilHar,0.04046242774566472
[ADMAdda5]MC-RHar,0.04046242774566472
"[D-Leu1,ADMAdda5]MC-LHar",0.04046242774566472
"[Gly1,D-Asp3,ADMAdda5]MC-LHar",0.04046242774566472
Micropeptin K139,0.039735099337748325
Cyanopeptolin 1007,0.039735099337748325
Anabaenopeptin B1,0.03947368421052633
Anabaenopeptin KT864,0.03947368421052633
[DMAdda5]MC-HilR,0.03939393939393937
[DMAdda5]MC-LHar,0.03939393939393937
"[D-Leu1,D-MeO-Glu6,NMe-Ser7]MC-LR",0.03939393939393937
Bistratamide F,0.0393013100436681
Cyanopeptolin 1020,0.03921568627450983
Cyanopeptolin CP990,0.03793103448275864
MC-AhppaR,0.037790697674418616
Tasipeptin A,0.03731343283582089
Tasipeptin B,0.03731343283582089
Micropeptin MM836,0.037037037037037035
[DMAdda3]NOD-R,0.03614457831325302
Cyanopeptolin 992,0.03594771241830064
Micropeptin EI964,0.03594771241830064
MC-MhtyR,0.0357142857142857
[D-Leu1]MC-HtyR,0.0357142857142857
[D-Leu1]MC-FR,0.0357142857142857
MC-RF,0.0357142857142857
[D-Phe1]MC-LR,0.0357142857142857
[D-Asp3]MC-FR,0.0357142857142857
[Dha7]MC-FR,0.0357142857142857
MC-FR,0.0357142857142857
[D-Asp³]MC-RF,0.0357142857142857
[D-Asp3]MC-HtyR,0.0357142857142857
MC-HtyR,0.0357142857142857
[Dha7]MC-HtyR,0.0357142857142857
"[D-Asp3,Dha7]MC-HtyR",0.0357142857142857
"[D-Asp3,Dha7]MC-FR",0.0357142857142857
Oscillapeptin C,0.03550295857988167
"[Leu1,MeO-Glu6]MC-HilR",0.03508771929824561
Anabaenopeptin MM850,0.034883720930232565
[D-Ser1]MC-LA,0.03459119496855345
[seco-4/5]MC-LR,0.03459119496855345
[seco-4/5][D-Asp³]MC-LR,0.03459119496855345
"[D-Asp3,(Z)-Dhb7]MC-HtyR",0.03448275862068967
"[D-Asp3,(E)-Dhb7]MC-HtyR",0.03448275862068967
Micropeptin HH978,0.03448275862068967
Micropeptin HM978,0.03448275862068967
Micropeptin MZ845,0.03424657534246578
Anabaenopeptilide 202A,0.03378378378378377
Aeruginozamide AEG705,0.03350515463917525
"[Gly1,D-Asp3,ADMAdda5]MC-RR",0.03293413173652693
"[D-Asp3,ADMAdda5,Dha7]MC-LR",0.03293413173652693
"[D-Asp³,ADMAdda5]MC-VR",0.03293413173652693
"[ADMAdda5,Dha7]MC-LR",0.03293413173652693
"[D-Asp³,ADMAdda5]MC-RR",0.03293413173652693
[ADMAdda5]MC-RR,0.03293413173652693
"[D-Leu1,Adda(O)5]MC-LR",0.03293413173652693
"[D-Leu1,D-Asp³,ADMAdda5]MC-LR",0.03293413173652693
"[D-Leu1,ADMAdda5]MC-LR",0.03293413173652693
"[Gly1,D-Asp3,ADMAdda5]MC-LR",0.03293413173652693
Bistratamide K,0.032727272727272716
Bistratamide L,0.032727272727272716
"[D-Asp3,ADMAdda5,(E/Z)-Dhb7]MC-RR",0.03179190751445088
"[D-Asp3,ADMAdda5,(E/Z)-Dhb7]MC-LR",0.03179190751445088
"[Gly1,D-Asp3,ADMAdda5,Dhb7]MC-RR",0.03179190751445088
"[Gly1,D-Asp³,ADMAdda5,Dhb7]MC-LR",0.03179190751445088
"[D-Asp³,DMAdda5]MC-RR",0.03144654088050314
"[D-Asp³,DMAdda5]MC-LR",0.03144654088050314
"[D-Leu1,D-Asp³,DMAdda5]MC-LR",0.03144654088050314
[DMAdda5]MC-RR,0.03144654088050314
"[D-Leu1,DMAdda5]MC-LR",0.03144654088050314
[L-MeAbu]NOD-R,0.03144654088050314
[D-MeAbu]NOD-R,0.03144654088050314
Aeruginozamide AEG657,0.031413612565445004
"[Asp³,DMAdda5,Dhb7]MC-LR",0.030303030303030276
Balgacyclamide A,0.028384279475982543
Cyanopeptolin 920,0.02836879432624112
[seco7][D-Asp3]MC-RR,0.028301886792452824
Seco[D-Asp3]microcystin-RR,0.028301886792452824
[NMe-Ala7]MC-LR,0.028301886792452824
"[D-Asp3,D-MeO-Glu6]MC-RR",0.027272727272727282
[seco-1/2]MC-FR,0.027272727272727282
"[D-Leu1,D-MeO-Glu6]MC-LR",0.027272727272727282
"[D-Asp3,D-MeO-Glu6]MC-LR",0.027272727272727282
[D-MeO-Glu6]MC-LR,0.027272727272727282
"[D-Ser1,D-Asp³]MC-HtyR",0.0267857142857143
Anabaenopeptin SA13,0.026548672566371667
Aeruginozamide AEG721,0.02525252525252525
Aeruginozamide AEG707,0.02525252525252525
Micropeptin MM932,0.025000000000000022
Bistratamide E,0.024444444444444435
"[D-Leu1,Adda(OH)5]MC-LR",0.024390243902439046
"[D-Ser1,ADMAdda5]MC-LR",0.023952095808383256
Aeruginozamide AEG603,0.023560209424083767
"[Gly1,D-Asp3,ADMAdda5,Dhb7]MC-RHar",0.023121387283236983
"[Gly1,D-Asp3,ADMAdda5,(E/Z)-Dhb7]MC-LHar",0.023121387283236983
Aeruginozamide AEG639,0.022842639593908642
"[D-Asp3,Mser7]MC-LR",0.022012578616352196
"[D-Asp3,Thr7]MC-RR",0.022012578616352196
"[D-Asp³,Mser7]MC-RR",0.022012578616352196
"[D-Asp3,Ser7]MC-RR",0.022012578616352196
[Mser7]MC-RR,0.022012578616352196
"[D-Leu1,NMe-Ser7]MC-LR",0.022012578616352196
[Ser7]MC-RR,0.022012578616352196
"[D-Asp3,Ser7]MC-LR",0.022012578616352196
[Ser7]MC-LR,0.022012578616352196
Micropeptin D,0.021582733812949617
Micropeptin GH979,0.02112676056338031
MC-AnaR,0.021084337349397575
Bistratamide D,0.020833333333333315
Cyanopeptolin 972,0.019867549668874163
"[D-Leu1,dmAdda5]MC-LR (isomer 2)",0.018867924528301883
[dm(2)Adda5]MC-LR,0.018867924528301883
[D-Asp3]MC-HphR,0.018518518518518545
[seco-1/2]MC-HilR,0.018518518518518545
"[D-Leu1,D-Asp³]MC-HphR",0.018518518518518545
[D-Leu1]MC-HphR,0.018518518518518545
Loggerpeptin A,0.018518518518518545
Loggerpeptin B,0.018518518518518545
MC-HphR,0.018518518518518545
[Dha7]MC-HphR,0.018518518518518545
"[D-Asp3,Dha7]MC-HphR",0.018518518518518545
Anabaenopeptin SA3,0.01834862385321101
Anabaenopeptin C,0.01834862385321101
[D-Asp3]MC-HilR,0.018181818181818188
MC-LHar,0.018181818181818188
[D-Asp3]MC-RHar,0.018181818181818188
MC-HarHar,0.018181818181818188
[D-Leu1]MC-LHar,0.018181818181818188
[D-Hil1]MC-LR,0.018181818181818188
[Me-Ala1]MC-LR,0.018181818181818188
MC-HilR,0.018181818181818188
"[Gly1,D-Asp3]MC-RHar",0.018181818181818188
"[Gly1,D-Asp3]MC-LHar",0.018181818181818188
MC-AHar,0.018181818181818188
[D-Asp3]MC-HarAba,0.018181818181818188
[D-Leu1]MC-HilR,0.018181818181818188
[Dha7]MC-HilR,0.018181818181818188
Micropeptin F,0.018115942028985532
Micropeptin C,0.018115942028985532
"[D-Asp3,(E)-Dhb7]MC-HphR",0.01785714285714285
Aeruginopeptin 228A,0.017730496453900735
Aerugininopeptin 95A,0.017730496453900735
Planktopeptin BL1125,0.0174825174825175
Anabaenopeptilide 90A,0.0174825174825175
Micropeptin KT946,0.01572327044025157
Aeruginopeptin 228B,0.015151515151515138
Aeruginopeptin 95B,0.015151515151515138
Micropeptin T20,0.014814814814814836
Micropeptin E,0.014598540145985384
Bistratamide I,0.014492753623188415
Cyanopeptolin CP969,0.01428571428571429
Cyanopeptolin CP985,0.01428571428571429
Anabaenopeptin 807,0.013888888888888895
Anabaenopeptin J,0.013888888888888895
Aerucyclamide DSO2,0.012915129151291505
Oscillapeptin F,0.012269938650306733
Aeruginopeptin 917SB,0.012195121951219523
Micropeptin KB1046,0.012195121951219523
Micropeptin DR1060,0.012195121951219523
Micropeptin 996,0.010791366906474809
Cyanopeptolin CP1027,0.010563380281690127
[D-Asp3]MC-RCit,0.009433962264150941
[D-Asp3]MC-ER,0.009433962264150941
"[D-Leu1,D-Asp3]MC-RR",0.009433962264150941
[D-Leu1]MC-RR,0.009433962264150941
[D-Asp3]MC-RR,0.009433962264150941
"[D-Leu1,Dha7]MC-LR",0.009433962264150941
[(6Z)-Adda5]MC-RR,0.009433962264150941
"[D-Leu1,dmAdda5]MC-LR (isomer 1)",0.009433962264150941
[dm(1)Adda5]MC-LR,0.009433962264150941
"[Gly1,D-Asp3]MC-RR",0.009433962264150941
"[Gly1,D-Asp3]MC-LR",0.009433962264150941
"[D-Leu1,D-Asp3]MC-LR",0.009433962264150941
[D-Aba1]MC-LR,0.009433962264150941
MC-AR,0.009433962264150941
MC-RL,0.009433962264150941
MC-RApa,0.009433962264150941
[seco-1/2]MC-LR,0.009433962264150941
MC-RR,0.009433962264150941
[D-Leu1]MC-LR,0.009433962264150941
MC-ER,0.009433962264150941
[D-Asp3]MC-RE,0.009433962264150941
MC-RE,0.009433962264150941
[(6Z)-Adda5]MC-LR,0.009433962264150941
"[D-Asp3,Dha7]MC-RR",0.009433962264150941
"[D-Asp3,Dha7]MC-LR",0.009433962264150941
[Dha7]MC-RR,0.009433962264150941
[D-Val1]MC-LR,0.009433962264150941
MC-LR,0.009433962264150941
MC-VR,0.009433962264150941
[D-Asp³]MC-RAba,0.009433962264150941
MC-RAba,0.009433962264150941
MC-RA,0.009433962264150941
[D-Asp³]MC-RA,0.009433962264150941
[D-Asp3]MC-LR,0.009433962264150941
Micropeptin KR1030,0.009259259259259245
Micropeptin KR 1002,0.009259259259259245
"[D-Asp3,(E)-Dhb7]MC-RR",0.009090909090909094
"[D-Asp3,(Z)-Dhb7]MC-LR",0.009090909090909094
"[D-Asp3,(E)-Dhb7]MC-LR",0.009090909090909094
[Mdhb7]MC-LR,0.009090909090909094
"[Gly1,D-Asp3,Dhb7]MC-RR",0.009090909090909094
"[Gly1,D-Asp3,Dhb7]MC-LR",0.009090909090909094
Aeruginozamide AEG671,0.005235602094240843
Aeruginozamide AEG685,0.005235602094240843
Aeruginosin DA722,0.003649635036496346
Aeruginosin 101,0.003649635036496346
Cyanopeptolin CP1013,0.0035714285714285587
Micropeptin SD944,0.0035714285714285587
"[D-Asp³,Dhb7]MC-AhaR",0.0030120481927710663
Anabaenopeptin G-Itou,0
Microviridin K,0
Oscillapeptin E,0
Oscillamide C,0
Nostamide A,0
Anabaenopeptin 871,0
Anabaenopeptin 857,0
"[Gly1,D-Asp3,(E/Z)-Dhb7]MC-LHar",0
Anabaenopeptin KB899,0
Anabaenopeptin MM913,0
[D-Ser1]MC-LR,0
"[Gly1,D-Asp³,Dhb7]MC-Rhar",0
Microcyclamide 7806A,0
Micropeptin SD979,0
Anabaenopeptin HU892,0
Aeruginoguanidin 98B,0
Lyngbyaureidamide A,0
Lyngbyaureidamide B,0
Anabaenopeptin A,0
Anabaenopeptin B,0
Anabaenopeptin D,0
Anabaenopeptin NZ841,0
Anabaenopeptin NZ857,0
